Date,Time,Electronic ID,Visual ID
08/10/2026,08:01,982 000123456701,101
08/10/2026,08:02,982 000123456702,102
08/10/2026,08:03,982 000123456703,103
08/10/2026,08:04,982 000123456704,104
08/10/2026,08:05,982 000123456705,105
08/10/2026,08:06,982 000123456706,106
08/10/2026,08:07,982 000123456707,107
08/10/2026,08:08,982 000123456708,108
08/10/2026,08:09,982 000123456709,109
08/10/2026,08:10,982 000123456710,110
08/10/2026,08:11,982 000123456711,111
08/10/2026,08:12,982 000123456712,112
08/10/2026,08:13,982 000123456713,113
08/10/2026,08:14,982 000123456714,114
08/10/2026,08:15,982 000123456715,115
08/10/2026,08:16,982 000123456716,116
08/10/2026,08:17,982 000123456717,117
08/10/2026,08:18,982 000123456718,118
08/10/2026,08:19,982 000123456719,119
08/10/2026,08:20,982 000123456720,120
08/10/2026,08:21,982 000123456721,121
08/10/2026,08:22,982 000123456722,122
08/10/2026,08:23,982 000123456723,123
08/10/2026,08:24,982 000123456724,124
08/10/2026,08:30,982 000123456705,105
08/10/2026,08:31,982 000123456712,112
08/10/2026,08:32,NO READ,
